Products,Price
Wenko® Guardarropa telescópico 2 rieles,34.99
"Ledvance Estante iluminado 6,5 W",32.99
Posidonia artificial,29.99
Alfombra de exteriores,27.99
Alfombra de algodón 120 x 180 cm,24.99
Juego de cortinas 135 x 265 cm pack 2,22.99
Fuente de interior con iluminación LED,21.99
Alfombra 80 x 150 cm,20.0
Alfombra de algodón,19.99
Easymaxx Felpudo antirobos,19.99
"Estor plisado térmico 49,4 x 75-118 cm",19.99
Espejo de pared,19.99
Alfombra de algodón 80 x 150 cm,19.99
Espejo de pared gancho redondo,19.99
Perchero,17.99
Reloj de escritorio con iluminación LED,17.99
Buda figura decorativa,16.99
Living Walls Panel autoadhesivo para pared,16.99
Buda rezando,16.99
Felpudo 67 x 120 cm,16.0
Puf infantil,15.99
Estor enrollable de ducha 100 x 250 cm,14.99
Juego de cortinas,14.99
Mebus® Reloj de pared,12.99
Estor enrollable térmico para ventanas,12.99
Alfombra 75 x 150 cm,12.99
Planta artificial,12.99
Despertador radiocontrolado analógico,11.99
Estor a rayas para ventana de baño,11.99
Estor a cuadros para ventana de baño,11.99
Estor plisado 80 x 130 cm,11.99
Easymaxx Reloj de pared,11.99
Reloj LED de pared y de sobremesa,11.99
Alfombra de baño 60x100 cm,9.99
Estor plisado 60 x 130 cm,9.99
Felpudo de rejilla con fibra de coco,9.99
Reloj de pared para montar,9.99
Estor plisado 100 x 130 cm,9.99
Alfombra de pelo sintético 60 x 90 cm,9.99
Perchero,9.99
Alfombra de pelo corto 67 X 140 cm,9.99
Marco de fotos collage en forma de corazón,9.99
Marco de fotos collage,9.99
Alfombra,9.99
Estor plisado 80 x 130 cm,9.99
Marco de fotos collage Memories,9.99
Marco de fotos collage Family,9.99
Estor plisado 80 x 200 cm,9.49
Alfombra de baño 60 x 100 cm,8.99
Reloj retro de pared,7.99
Reloj de pared con termómetro e higrómetro,7.99
Alfombra reversible de algodón 67x120cm,7.99
Lámina estampada autoadhesiva,6.99
Base con ruedas de madera para macetas,6.99
Base con ruedas para macetas,6.99
Reloj de pared infantil,6.99
Alfombra de baño 50 x 80 cm,6.99
Perchas pack 3,6.99
Gato chino,5.99
Mascota de peluche,4.99
Colgador para puerta 45 mm,4.99
Felpudo 40 x 60 cm,3.99
Perchas de metal para ropa pack 10,3.99
